ACCESSION	IRa_REPORTED	IRa_REPORTED_START	IRa_REPORTED_END	IRa_REPORTED_LENGTH	IRb_REPORTED	IRb_REPORTED_START	IRb_REPORTED_END	IRb_REPORTED_LENGTH
EU998744	no	n.a.	n.a.	n.a.	no	n.a.	n.a.	n.a.
MH706725	no	n.a.	n.a.	n.a.	no	n.a.	n.a.	n.a.
MH173090	no	n.a.	n.a.	n.a.	no	n.a.	n.a.	n.a.
MH598533	yes	131401	144201	12801	yes	77781	90581	12801
MK705754	yes	133490	163068	29579	yes	82317	111895	29579
MH121051	no	n.a.	n.a.	n.a.	no	n.a.	n.a.	n.a.
MK007968	no	n.a.	n.a.	n.a.	no	n.a.	n.a.	n.a.
KY427338	no	n.a.	n.a.	n.a.	no	n.a.	n.a.	n.a.
KP771703	no	n.a.	n.a.	n.a.	no	n.a.	n.a.	n.a.
HM222519	no	n.a.	n.a.	n.a.	no	n.a.	n.a.	n.a.
MH173066	no	n.a.	n.a.	n.a.	no	n.a.	n.a.	n.a.
KP099643	no	n.a.	n.a.	n.a.	no	n.a.	n.a.	n.a.
JX416858	no	n.a.	n.a.	n.a.	no	n.a.	n.a.	n.a.
MF990370	no	n.a.	n.a.	n.a.	no	n.a.	n.a.	n.a.
MH064514	no	n.a.	n.a.	n.a.	no	n.a.	n.a.	n.a.
KR476379	no	n.a.	n.a.	n.a.	no	n.a.	n.a.	n.a.
KY963967	no	n.a.	n.a.	n.a.	no	n.a.	n.a.	n.a.
AP010966	no	n.a.	n.a.	n.a.	no	n.a.	n.a.	n.a.
MK468630	no	n.a.	n.a.	n.a.	no	n.a.	n.a.	n.a.
MH348274	yes	23003	42496	19494	yes	1	150965	19494
MH173091	no	n.a.	n.a.	n.a.	no	n.a.	n.a.	n.a.
MH612867	no	n.a.	n.a.	n.a.	no	n.a.	n.a.	n.a.
MH121052	no	n.a.	n.a.	n.a.	no	n.a.	n.a.	n.a.
AB086179	yes	88407	157071	68665	yes	88407	111595	23189
AP009568	no	n.a.	n.a.	n.a.	no	n.a.	n.a.	n.a.
MK705755	yes	130804	154035	23232	yes	86119	109350	23232
EU998746	no	n.a.	n.a.	n.a.	no	n.a.	n.a.	n.a.
KY427339	no	n.a.	n.a.	n.a.	no	n.a.	n.a.	n.a.
KP099644	no	n.a.	n.a.	n.a.	no	n.a.	n.a.	n.a.
MH173067	no	n.a.	n.a.	n.a.	no	n.a.	n.a.	n.a.
KY885247	no	n.a.	n.a.	n.a.	no	n.a.	n.a.	n.a.
MK978775	no	n.a.	n.a.	n.a.	no	n.a.	n.a.	n.a.
MF990371	no	n.a.	n.a.	n.a.	no	n.a.	n.a.	n.a.
LC228570	no	n.a.	n.a.	n.a.	no	n.a.	n.a.	n.a.
KY963968	no	n.a.	n.a.	n.a.	no	n.a.	n.a.	n.a.
MG269834	no	n.a.	n.a.	n.a.	no	n.a.	n.a.	n.a.
MH598534	yes	126426	138024	11599	yes	54980	66578	11599
MH064515	no	n.a.	n.a.	n.a.	no	n.a.	n.a.	n.a.
MK468631	no	n.a.	n.a.	n.a.	no	n.a.	n.a.	n.a.
KP742350	no	n.a.	n.a.	n.a.	no	n.a.	n.a.	n.a.
AP010967	no	n.a.	n.a.	n.a.	no	n.a.	n.a.	n.a.
MH390475	no	n.a.	n.a.	n.a.	no	n.a.	n.a.	n.a.
MH549637	yes	143136	160877	17742	yes	105929	123670	17742
AP009569	no	n.a.	n.a.	n.a.	no	n.a.	n.a.	n.a.
MF177088	yes	126366	147232	20867	yes	83406	104272	20867
KM111545	no	n.a.	n.a.	n.a.	no	n.a.	n.a.	n.a.
KU302768	no	n.a.	n.a.	n.a.	no	n.a.	n.a.	n.a.
MG596347	no	n.a.	n.a.	n.a.	no	n.a.	n.a.	n.a.
MH319942	yes	133449	160567	27119	yes	84898	112016	27119
MK705756	yes	139482	172311	32830	yes	85159	117988	32830
MG272482	yes	107362	121254	13893	yes	45793	59685	13893
KP099645	no	n.a.	n.a.	n.a.	no	n.a.	n.a.	n.a.
KY427340	no	n.a.	n.a.	n.a.	no	n.a.	n.a.	n.a.
KY964286	no	n.a.	n.a.	n.a.	no	n.a.	n.a.	n.a.
MK156800	yes	100316	110411	10096	yes	44944	55039	10096
MH173068	no	n.a.	n.a.	n.a.	no	n.a.	n.a.	n.a.
LC228571	no	n.a.	n.a.	n.a.	no	n.a.	n.a.	n.a.
KY963969	no	n.a.	n.a.	n.a.	no	n.a.	n.a.	n.a.
MK468632	no	n.a.	n.a.	n.a.	no	n.a.	n.a.	n.a.
MH598535	yes	117032	131867	14836	yes	46352	61187	14836
MH064516	no	n.a.	n.a.	n.a.	no	n.a.	n.a.	n.a.
KP205433	no	n.a.	n.a.	n.a.	no	n.a.	n.a.	n.a.
MK156801	yes	108284	122460	14177	yes	45712	59888	14177
MH549638	no	n.a.	n.a.	n.a.	no	n.a.	n.a.	n.a.
MK047605	no	n.a.	n.a.	n.a.	no	n.a.	n.a.	n.a.
FJ546412	no	n.a.	n.a.	n.a.	no	n.a.	n.a.	n.a.
KF225592	yes	132704	142812	10109	yes	100295	110403	10109
MF177089	yes	126264	147136	20873	yes	83379	104251	20873
FJ755183	yes	131667	143780	12114	yes	83672	95781	12110
MH319943	no	n.a.	n.a.	n.a.	no	n.a.	n.a.	n.a.
MK705757	yes	131541	158656	27116	yes	82699	109814	27116
KY427341	no	n.a.	n.a.	n.a.	no	n.a.	n.a.	n.a.
MK468633	no	n.a.	n.a.	n.a.	no	n.a.	n.a.	n.a.
LC228572	no	n.a.	n.a.	n.a.	no	n.a.	n.a.	n.a.
MK622381	yes	130413	148924	18512	yes	53716	72227	18512
MH173069	no	n.a.	n.a.	n.a.	no	n.a.	n.a.	n.a.
MH598536	yes	130618	147148	16531	yes	54437	70967	16531
KU726621	yes	98037	108386	10350	yes	129704	140040	10337
MH549639	yes	139055	154368	15314	yes	104084	119397	15314
MK135066	no	n.a.	n.a.	n.a.	no	n.a.	n.a.	n.a.
HM173080	yes	131662	143775	12114	yes	83666	95779	12114
KF225593	no	n.a.	n.a.	n.a.	no	n.a.	n.a.	n.a.
MK085509	no	n.a.	n.a.	n.a.	no	n.a.	n.a.	n.a.
KJ617081	no	n.a.	n.a.	n.a.	no	n.a.	n.a.	n.a.
MF177090	yes	125565	146755	21191	yes	82962	104205	21244
KY290451	no	n.a.	n.a.	n.a.	no	n.a.	n.a.	n.a.
MK468634	no	n.a.	n.a.	n.a.	no	n.a.	n.a.	n.a.
MK622382	yes	128607	146469	17863	yes	53349	71211	17863
MH319944	yes	127909	152551	24643	yes	81507	106149	24643
KP099647	no	n.a.	n.a.	n.a.	no	n.a.	n.a.	n.a.
MK705750	yes	129992	152479	22488	yes	81800	104287	22488
LC040885	no	n.a.	n.a.	n.a.	no	n.a.	n.a.	n.a.
MK876184	yes	114897	124962	10066	yes	86123	96188	10066
KY427342	no	n.a.	n.a.	n.a.	no	n.a.	n.a.	n.a.
MH173070	no	n.a.	n.a.	n.a.	no	n.a.	n.a.	n.a.
MG953517	yes	140586	141647	1062	yes	142658	155548	12891
KF225594	yes	136424	151007	14584	yes	99858	114441	14584
KC536645	no	n.a.	n.a.	n.a.	no	n.a.	n.a.	n.a.
KX832620	no	n.a.	n.a.	n.a.	no	n.a.	n.a.	n.a.
MK135067	no	n.a.	n.a.	n.a.	no	n.a.	n.a.	n.a.
KC306742	no	n.a.	n.a.	n.a.	no	n.a.	n.a.	n.a.
KP765733	no	n.a.	n.a.	n.a.	no	n.a.	n.a.	n.a.
MH549640	yes	132319	145535	13217	yes	91716	104932	13217
JX402774	no	n.a.	n.a.	n.a.	no	n.a.	n.a.	n.a.
MH598537	yes	113870	126700	12831	yes	53299	66129	12831
MH705066	no	n.a.	n.a.	n.a.	no	n.a.	n.a.	n.a.
MK622383	yes	129854	148236	18383	yes	53606	71988	18383
MK468635	no	n.a.	n.a.	n.a.	no	n.a.	n.a.	n.a.
MG602009	no	n.a.	n.a.	n.a.	no	n.a.	n.a.	n.a.
AP004638	yes	119875	138829	18955	yes	84617	103571	18955
MK645896	yes	111782	121682	9901	yes	81627	91527	9901
MF177091	yes	126674	147692	21019	yes	83480	104498	21019
KC427270	no	n.a.	n.a.	n.a.	no	n.a.	n.a.	n.a.
JX827163	yes	82509	91600	9092	yes	111455	120546	9092
KY427343	no	n.a.	n.a.	n.a.	no	n.a.	n.a.	n.a.
MH173071	no	n.a.	n.a.	n.a.	no	n.a.	n.a.	n.a.
LC049067	no	n.a.	n.a.	n.a.	no	n.a.	n.a.	n.a.
KX832621	no	n.a.	n.a.	n.a.	no	n.a.	n.a.	n.a.
HM778032	yes	130077	155770	25694	yes	83060	108753	25694
KP119739	no	n.a.	n.a.	n.a.	no	n.a.	n.a.	n.a.
KC536646	no	n.a.	n.a.	n.a.	no	n.a.	n.a.	n.a.
MK622384	yes	114012	126835	12824	yes	53428	66251	12824
KY272867	no	n.a.	n.a.	n.a.	no	n.a.	n.a.	n.a.
MK468636	no	n.a.	n.a.	n.a.	no	n.a.	n.a.	n.a.
MH549641	yes	131989	145030	13042	yes	91749	104790	13042
JX407108	no	n.a.	n.a.	n.a.	no	n.a.	n.a.	n.a.
MG599108	no	n.a.	n.a.	n.a.	no	n.a.	n.a.	n.a.
MH171102	no	n.a.	n.a.	n.a.	no	n.a.	n.a.	n.a.
KY863504	no	n.a.	n.a.	n.a.	no	n.a.	n.a.	n.a.
KT378453	no	n.a.	n.a.	n.a.	no	n.a.	n.a.	n.a.
MF177092	yes	126437	147498	21062	yes	83314	104375	21062
KP099649	no	n.a.	n.a.	n.a.	no	n.a.	n.a.	n.a.
KC427271	no	n.a.	n.a.	n.a.	no	n.a.	n.a.	n.a.
KX385188	no	n.a.	n.a.	n.a.	no	n.a.	n.a.	n.a.
KY427344	no	n.a.	n.a.	n.a.	no	n.a.	n.a.	n.a.
KY126308	yes	113316	122905	9590	yes	85222	94811	9590
MH173072	no	n.a.	n.a.	n.a.	no	n.a.	n.a.	n.a.
MK241981	no	n.a.	n.a.	n.a.	no	n.a.	n.a.	n.a.
MK249060	no	n.a.	n.a.	n.a.	no	n.a.	n.a.	n.a.
MH324744	no	n.a.	n.a.	n.a.	no	n.a.	n.a.	n.a.
MH744490	no	n.a.	n.a.	n.a.	no	n.a.	n.a.	n.a.
KX832622	no	n.a.	n.a.	n.a.	no	n.a.	n.a.	n.a.
MK468637	no	n.a.	n.a.	n.a.	no	n.a.	n.a.	n.a.
KY702720	no	n.a.	n.a.	n.a.	no	n.a.	n.a.	n.a.
MH171103	no	n.a.	n.a.	n.a.	no	n.a.	n.a.	n.a.
MH549642	yes	139403	151819	12417	yes	105644	118060	12417
KP099650	no	n.a.	n.a.	n.a.	no	n.a.	n.a.	n.a.
LC095866	no	n.a.	n.a.	n.a.	no	n.a.	n.a.	n.a.
MH577299	yes	146264	155956	9693	yes	114139	123831	9693
KX385189	no	n.a.	n.a.	n.a.	no	n.a.	n.a.	n.a.
AY660566	no	n.a.	n.a.	n.a.	no	n.a.	n.a.	n.a.
MH390456	no	n.a.	n.a.	n.a.	no	n.a.	n.a.	n.a.
MH161420	no	n.a.	n.a.	n.a.	no	n.a.	n.a.	n.a.
KC427272	no	n.a.	n.a.	n.a.	no	n.a.	n.a.	n.a.
MF177093	yes	126514	147574	21061	yes	83349	104409	21061
LC049068	no	n.a.	n.a.	n.a.	no	n.a.	n.a.	n.a.
LC177555	no	n.a.	n.a.	n.a.	no	n.a.	n.a.	n.a.
KX426071	yes	138958	154176	15219	yes	104081	119299	15219
KY427345	no	n.a.	n.a.	n.a.	no	n.a.	n.a.	n.a.
MK249061	no	n.a.	n.a.	n.a.	no	n.a.	n.a.	n.a.
MK468638	no	n.a.	n.a.	n.a.	no	n.a.	n.a.	n.a.
MH390481	no	n.a.	n.a.	n.a.	no	n.a.	n.a.	n.a.
KY702721	no	n.a.	n.a.	n.a.	no	n.a.	n.a.	n.a.
KX832623	no	n.a.	n.a.	n.a.	no	n.a.	n.a.	n.a.
MH173074	no	n.a.	n.a.	n.a.	no	n.a.	n.a.	n.a.
MK131349	no	n.a.	n.a.	n.a.	no	n.a.	n.a.	n.a.
MN535011	no	n.a.	n.a.	n.a.	no	n.a.	n.a.	n.a.
MG878380	no	n.a.	n.a.	n.a.	no	n.a.	n.a.	n.a.
KT599100	yes	127882	151684	23803	yes	82454	106256	23803
MH549643	no	n.a.	n.a.	n.a.	no	n.a.	n.a.	n.a.
LC095867	no	n.a.	n.a.	n.a.	no	n.a.	n.a.	n.a.
KM817788	yes	134080	145120	11041	yes	134080	145120	11041
KM817789	yes	129642	139127	9486	yes	99587	109072	9486
KX385190	no	n.a.	n.a.	n.a.	no	n.a.	n.a.	n.a.
MG668891	no	n.a.	n.a.	n.a.	no	n.a.	n.a.	n.a.
KT315754	no	n.a.	n.a.	n.a.	no	n.a.	n.a.	n.a.
MH161421	no	n.a.	n.a.	n.a.	no	n.a.	n.a.	n.a.
KT740995	no	n.a.	n.a.	n.a.	no	n.a.	n.a.	n.a.
KC427273	no	n.a.	n.a.	n.a.	no	n.a.	n.a.	n.a.
LC177556	no	n.a.	n.a.	n.a.	no	n.a.	n.a.	n.a.
MK468639	no	n.a.	n.a.	n.a.	no	n.a.	n.a.	n.a.
MF177094	yes	126644	147665	21022	yes	83454	104475	21022
MK249062	no	n.a.	n.a.	n.a.	no	n.a.	n.a.	n.a.
KY427346	no	n.a.	n.a.	n.a.	no	n.a.	n.a.	n.a.
KX832624	no	n.a.	n.a.	n.a.	no	n.a.	n.a.	n.a.
MK285358	no	n.a.	n.a.	n.a.	no	n.a.	n.a.	n.a.
MH173075	no	n.a.	n.a.	n.a.	no	n.a.	n.a.	n.a.
MH707375	yes	127407	152344	24938	yes	80709	105646	24938
LC049069	no	n.a.	n.a.	n.a.	no	n.a.	n.a.	n.a.
KX385191	no	n.a.	n.a.	n.a.	no	n.a.	n.a.	n.a.
MK089531	yes	107386	114693	7308	yes	80626	87933	7308
MN535012	no	n.a.	n.a.	n.a.	no	n.a.	n.a.	n.a.
KT599101	yes	128831	153717	24887	yes	82388	107274	24887
MH603068	yes	137849	161679	23831	yes	92316	116146	23831
MH161422	no	n.a.	n.a.	n.a.	no	n.a.	n.a.	n.a.
MG668892	no	n.a.	n.a.	n.a.	no	n.a.	n.a.	n.a.
FJ556581	yes	132297	156661	24365	yes	86309	110673	24365
MK468640	no	n.a.	n.a.	n.a.	no	n.a.	n.a.	n.a.
LC177621	no	n.a.	n.a.	n.a.	no	n.a.	n.a.	n.a.
MG761729	yes	130805	158890	28086	yes	85319	109247	23929
MK249063	no	n.a.	n.a.	n.a.	no	n.a.	n.a.	n.a.
MF177095	yes	129796	150936	21141	yes	84305	105445	21141
KY427347	no	n.a.	n.a.	n.a.	no	n.a.	n.a.	n.a.
KX385192	no	n.a.	n.a.	n.a.	no	n.a.	n.a.	n.a.
KX832625	no	n.a.	n.a.	n.a.	no	n.a.	n.a.	n.a.
MH173076	no	n.a.	n.a.	n.a.	no	n.a.	n.a.	n.a.
MN535013	no	n.a.	n.a.	n.a.	no	n.a.	n.a.	n.a.
LC049070	no	n.a.	n.a.	n.a.	no	n.a.	n.a.	n.a.
MH684489	yes	132320	156675	24356	yes	86339	110694	24356
MG668893	no	n.a.	n.a.	n.a.	no	n.a.	n.a.	n.a.
MK468641	no	n.a.	n.a.	n.a.	no	n.a.	n.a.	n.a.
KP751905	no	n.a.	n.a.	n.a.	no	n.a.	n.a.	n.a.
LC177668	no	n.a.	n.a.	n.a.	no	n.a.	n.a.	n.a.
KX385193	no	n.a.	n.a.	n.a.	no	n.a.	n.a.	n.a.
MK249064	no	n.a.	n.a.	n.a.	no	n.a.	n.a.	n.a.
KY427348	no	n.a.	n.a.	n.a.	no	n.a.	n.a.	n.a.
KX832626	no	n.a.	n.a.	n.a.	no	n.a.	n.a.	n.a.
HF937082	no	n.a.	n.a.	n.a.	no	n.a.	n.a.	n.a.
MK468642	no	n.a.	n.a.	n.a.	no	n.a.	n.a.	n.a.
JF343520	yes	136466	146221	9756	yes	106097	115850	9754
KX385194	no	n.a.	n.a.	n.a.	no	n.a.	n.a.	n.a.
MH390460	no	n.a.	n.a.	n.a.	no	n.a.	n.a.	n.a.
LC049207	no	n.a.	n.a.	n.a.	no	n.a.	n.a.	n.a.
KY404931	no	n.a.	n.a.	n.a.	no	n.a.	n.a.	n.a.
GU191334	no	n.a.	n.a.	n.a.	no	n.a.	n.a.	n.a.
MH390485	no	n.a.	n.a.	n.a.	no	n.a.	n.a.	n.a.
KX418656	no	n.a.	n.a.	n.a.	no	n.a.	n.a.	n.a.
MH173078	no	n.a.	n.a.	n.a.	no	n.a.	n.a.	n.a.
KY427349	no	n.a.	n.a.	n.a.	no	n.a.	n.a.	n.a.
KX832627	no	n.a.	n.a.	n.a.	no	n.a.	n.a.	n.a.
MK105897	no	n.a.	n.a.	n.a.	no	n.a.	n.a.	n.a.
MH986606	no	n.a.	n.a.	n.a.	no	n.a.	n.a.	n.a.
MG432483	yes	127034	150414	23381	yes	82114	105494	23381
MK468643	no	n.a.	n.a.	n.a.	no	n.a.	n.a.	n.a.
AB831010	no	n.a.	n.a.	n.a.	no	n.a.	n.a.	n.a.
KX385195	no	n.a.	n.a.	n.a.	no	n.a.	n.a.	n.a.
MG019393	no	n.a.	n.a.	n.a.	no	n.a.	n.a.	n.a.
LC192146	yes	110400	120304	9905	yes	80707	90611	9905
MG668895	no	n.a.	n.a.	n.a.	no	n.a.	n.a.	n.a.
KY404932	no	n.a.	n.a.	n.a.	no	n.a.	n.a.	n.a.
AP009377	no	n.a.	n.a.	n.a.	no	n.a.	n.a.	n.a.
KR075871	no	n.a.	n.a.	n.a.	no	n.a.	n.a.	n.a.
EU043314	no	n.a.	n.a.	n.a.	no	n.a.	n.a.	n.a.
MG792132	no	n.a.	n.a.	n.a.	no	n.a.	n.a.	n.a.
MH390486	no	n.a.	n.a.	n.a.	no	n.a.	n.a.	n.a.
LC049336	no	n.a.	n.a.	n.a.	no	n.a.	n.a.	n.a.
KX832628	no	n.a.	n.a.	n.a.	no	n.a.	n.a.	n.a.
MH173079	no	n.a.	n.a.	n.a.	no	n.a.	n.a.	n.a.
MK468644	no	n.a.	n.a.	n.a.	no	n.a.	n.a.	n.a.
KY427350	no	n.a.	n.a.	n.a.	no	n.a.	n.a.	n.a.
KX385196	no	n.a.	n.a.	n.a.	no	n.a.	n.a.	n.a.
MK375217	no	n.a.	n.a.	n.a.	no	n.a.	n.a.	n.a.
MG019394	no	n.a.	n.a.	n.a.	no	n.a.	n.a.	n.a.
AY228468	no	n.a.	n.a.	n.a.	no	n.a.	n.a.	n.a.
MG668896	no	n.a.	n.a.	n.a.	no	n.a.	n.a.	n.a.
KY404933	no	n.a.	n.a.	n.a.	no	n.a.	n.a.	n.a.
MH612853	no	n.a.	n.a.	n.a.	no	n.a.	n.a.	n.a.
MG913607	yes	127825	151699	23875	yes	82325	106199	23875
MH648610	yes	97036	114963	17928	yes	136363	146874	10512
EU998740	no	n.a.	n.a.	n.a.	no	n.a.	n.a.	n.a.
MK468645	no	n.a.	n.a.	n.a.	no	n.a.	n.a.	n.a.
KX385197	no	n.a.	n.a.	n.a.	no	n.a.	n.a.	n.a.
MG792141	no	n.a.	n.a.	n.a.	no	n.a.	n.a.	n.a.
KX832629	no	n.a.	n.a.	n.a.	no	n.a.	n.a.	n.a.
MH173080	no	n.a.	n.a.	n.a.	no	n.a.	n.a.	n.a.
KY427351	no	n.a.	n.a.	n.a.	no	n.a.	n.a.	n.a.
MN536531	no	n.a.	n.a.	n.a.	no	n.a.	n.a.	n.a.
NC_004543	yes	145419	161162	15744	yes	107504	123247	15744
KJ010812	no	n.a.	n.a.	n.a.	no	n.a.	n.a.	n.a.
MG019395	no	n.a.	n.a.	n.a.	no	n.a.	n.a.	n.a.
MG668897	no	n.a.	n.a.	n.a.	no	n.a.	n.a.	n.a.
HM535629	yes	128979	152362	23384	yes	84336	107719	23384
KT347148	no	n.a.	n.a.	n.a.	no	n.a.	n.a.	n.a.
MN056350	no	n.a.	n.a.	n.a.	no	n.a.	n.a.	n.a.
MH612854	no	n.a.	n.a.	n.a.	no	n.a.	n.a.	n.a.
MG272483	yes	131383	144161	12779	yes	77753	90531	12779
KX385198	no	n.a.	n.a.	n.a.	no	n.a.	n.a.	n.a.
MK468646	no	n.a.	n.a.	n.a.	no	n.a.	n.a.	n.a.
KU764518	yes	107583	134946	27364	yes	71712	99075	27364
MH352390	yes	131189	158174	26986	yes	82480	109465	26986
MH173081	no	n.a.	n.a.	n.a.	no	n.a.	n.a.	n.a.
KY427352	no	n.a.	n.a.	n.a.	no	n.a.	n.a.	n.a.
KY369757	no	n.a.	n.a.	n.a.	no	n.a.	n.a.	n.a.
MF795085	no	n.a.	n.a.	n.a.	no	n.a.	n.a.	n.a.
KT934791	no	n.a.	n.a.	n.a.	no	n.a.	n.a.	n.a.
KY427329	no	n.a.	n.a.	n.a.	no	n.a.	n.a.	n.a.
MH612855	no	n.a.	n.a.	n.a.	no	n.a.	n.a.	n.a.
KT337318	no	n.a.	n.a.	n.a.	no	n.a.	n.a.	n.a.
MG020108	no	n.a.	n.a.	n.a.	no	n.a.	n.a.	n.a.
MK468647	no	n.a.	n.a.	n.a.	no	n.a.	n.a.	n.a.
MG762001	yes	80690	90600	9911	yes	110384	120288	9905
MG272484	yes	131427	143525	12099	yes	58199	70297	12099
MK002975	yes	133340	156173	22834	yes	89015	111848	22834
MH167924	no	n.a.	n.a.	n.a.	no	n.a.	n.a.	n.a.
AY178864	yes	127122	150568	23447	yes	82283	105729	23447
MH612856	no	n.a.	n.a.	n.a.	no	n.a.	n.a.	n.a.
MH173082	no	n.a.	n.a.	n.a.	no	n.a.	n.a.	n.a.
KY427353	no	n.a.	n.a.	n.a.	no	n.a.	n.a.	n.a.
AB197035	yes	131382	144170	12789	yes	77707	90495	12789
MH064505	no	n.a.	n.a.	n.a.	no	n.a.	n.a.	n.a.
MH105066	yes	136870	166027	29158	yes	85666	114823	29158
KM067155	no	n.a.	n.a.	n.a.	no	n.a.	n.a.	n.a.
KT834974	no	n.a.	n.a.	n.a.	no	n.a.	n.a.	n.a.
KY427330	no	n.a.	n.a.	n.a.	no	n.a.	n.a.	n.a.
MK468648	no	n.a.	n.a.	n.a.	no	n.a.	n.a.	n.a.
MG668899	no	n.a.	n.a.	n.a.	no	n.a.	n.a.	n.a.
KP412541	no	n.a.	n.a.	n.a.	no	n.a.	n.a.	n.a.
KX833097	no	n.a.	n.a.	n.a.	no	n.a.	n.a.	n.a.
MH612857	no	n.a.	n.a.	n.a.	no	n.a.	n.a.	n.a.
MH265124	yes	131140	142214	11075	yes	99300	110374	11075
KR873010	no	n.a.	n.a.	n.a.	no	n.a.	n.a.	n.a.
KT027377	no	n.a.	n.a.	n.a.	no	n.a.	n.a.	n.a.
MK521875	yes	113156	123040	9885	yes	84832	94716	9885
MH173083	no	n.a.	n.a.	n.a.	no	n.a.	n.a.	n.a.
MH064506	no	n.a.	n.a.	n.a.	no	n.a.	n.a.	n.a.
KY427354	no	n.a.	n.a.	n.a.	no	n.a.	n.a.	n.a.
KY427331	no	n.a.	n.a.	n.a.	no	n.a.	n.a.	n.a.
LC035012	yes	111018	121088	10071	yes	81133	91203	10071
DQ821119	no	n.a.	n.a.	n.a.	no	n.a.	n.a.	n.a.
MH612858	no	n.a.	n.a.	n.a.	no	n.a.	n.a.	n.a.
KC117177	yes	92581	102673	10093	yes	121668	131760	10093
KX258660	yes	117167	156603	39437	yes	75475	114911	39437
MK202952	yes	80707	90611	9905	yes	110400	120304	9905
MK521876	yes	113661	123536	9876	yes	85339	95214	9876
MH064507	no	n.a.	n.a.	n.a.	no	n.a.	n.a.	n.a.
MH173084	no	n.a.	n.a.	n.a.	no	n.a.	n.a.	n.a.
KY609860	no	n.a.	n.a.	n.a.	no	n.a.	n.a.	n.a.
MH599004	no	n.a.	n.a.	n.a.	no	n.a.	n.a.	n.a.
KY427355	no	n.a.	n.a.	n.a.	no	n.a.	n.a.	n.a.
KY427332	no	n.a.	n.a.	n.a.	no	n.a.	n.a.	n.a.
MH612859	no	n.a.	n.a.	n.a.	no	n.a.	n.a.	n.a.
MK135439	no	n.a.	n.a.	n.a.	no	n.a.	n.a.	n.a.
GU191333	no	n.a.	n.a.	n.a.	no	n.a.	n.a.	n.a.
KX258661	yes	116297	156392	40096	yes	73220	113315	40096
KX880508	no	n.a.	n.a.	n.a.	no	n.a.	n.a.	n.a.
KC117178	yes	99060	108833	9774	yes	128496	138270	9775
MN016935	no	n.a.	n.a.	n.a.	no	n.a.	n.a.	n.a.
MK521877	yes	113560	123464	9905	yes	85223	95127	9905
AP014923	no	n.a.	n.a.	n.a.	no	n.a.	n.a.	n.a.
MH064508	no	n.a.	n.a.	n.a.	no	n.a.	n.a.	n.a.
MH173085	no	n.a.	n.a.	n.a.	no	n.a.	n.a.	n.a.
MG262389	yes	137278	166151	28874	yes	86763	115636	28874
KY427356	no	n.a.	n.a.	n.a.	no	n.a.	n.a.	n.a.
MG132071	yes	122339	123512	1174	yes	85151	86324	1174
KY427333	no	n.a.	n.a.	n.a.	no	n.a.	n.a.	n.a.
MH612860	no	n.a.	n.a.	n.a.	no	n.a.	n.a.	n.a.
MG668902	no	n.a.	n.a.	n.a.	no	n.a.	n.a.	n.a.
KT723438	no	n.a.	n.a.	n.a.	no	n.a.	n.a.	n.a.
KR780582	no	n.a.	n.a.	n.a.	no	n.a.	n.a.	n.a.
MH046871	no	n.a.	n.a.	n.a.	no	n.a.	n.a.	n.a.
MH121046	no	n.a.	n.a.	n.a.	no	n.a.	n.a.	n.a.
KC117179	yes	84675	103627	18953	yes	119957	138909	18953
MH706705	no	n.a.	n.a.	n.a.	no	n.a.	n.a.	n.a.
MN016936	yes	75699	84954	9256	yes	38496	47751	9256
MG012464	no	n.a.	n.a.	n.a.	no	n.a.	n.a.	n.a.
KX255674	no	n.a.	n.a.	n.a.	no	n.a.	n.a.	n.a.
MH390444	no	n.a.	n.a.	n.a.	no	n.a.	n.a.	n.a.
MH064509	no	n.a.	n.a.	n.a.	no	n.a.	n.a.	n.a.
MG897302	no	n.a.	n.a.	n.a.	no	n.a.	n.a.	n.a.
MK705751	yes	125538	149256	23719	yes	81227	104945	23719
MH173086	no	n.a.	n.a.	n.a.	no	n.a.	n.a.	n.a.
MH612861	no	n.a.	n.a.	n.a.	no	n.a.	n.a.	n.a.
KY427357	no	n.a.	n.a.	n.a.	no	n.a.	n.a.	n.a.
MH390469	no	n.a.	n.a.	n.a.	no	n.a.	n.a.	n.a.
MH796673	no	n.a.	n.a.	n.a.	no	n.a.	n.a.	n.a.
KY427334	no	n.a.	n.a.	n.a.	no	n.a.	n.a.	n.a.
EU998741	no	n.a.	n.a.	n.a.	no	n.a.	n.a.	n.a.
MN577566	yes	139344	165491	26148	yes	90455	116602	26148
MH500228	yes	128856	154130	25275	yes	82624	107898	25275
MH121047	no	n.a.	n.a.	n.a.	no	n.a.	n.a.	n.a.
AP005672	yes	113301	122890	9590	yes	85211	94800	9590
MH536745	no	n.a.	n.a.	n.a.	no	n.a.	n.a.	n.a.
MH706716	no	n.a.	n.a.	n.a.	no	n.a.	n.a.	n.a.
KY392754	no	n.a.	n.a.	n.a.	no	n.a.	n.a.	n.a.
MK174379	no	n.a.	n.a.	n.a.	no	n.a.	n.a.	n.a.
MG897303	no	n.a.	n.a.	n.a.	no	n.a.	n.a.	n.a.
MH064510	no	n.a.	n.a.	n.a.	no	n.a.	n.a.	n.a.
MK952779	yes	114828	124649	9822	yes	86310	96131	9822
MH612862	no	n.a.	n.a.	n.a.	no	n.a.	n.a.	n.a.
KF866297	no	n.a.	n.a.	n.a.	no	n.a.	n.a.	n.a.
AB480556	no	n.a.	n.a.	n.a.	no	n.a.	n.a.	n.a.
MH173087	no	n.a.	n.a.	n.a.	no	n.a.	n.a.	n.a.
KY427358	no	n.a.	n.a.	n.a.	no	n.a.	n.a.	n.a.
KY427335	no	n.a.	n.a.	n.a.	no	n.a.	n.a.	n.a.
MH121048	no	n.a.	n.a.	n.a.	no	n.a.	n.a.	n.a.
MH500229	yes	132922	161380	28459	yes	82678	111136	28459
MH706726	no	n.a.	n.a.	n.a.	no	n.a.	n.a.	n.a.
KJ817846	yes	117926	127489	9564	yes	89435	98998	9564
MG897304	no	n.a.	n.a.	n.a.	no	n.a.	n.a.	n.a.
KR061358	no	n.a.	n.a.	n.a.	no	n.a.	n.a.	n.a.
MH612863	no	n.a.	n.a.	n.a.	no	n.a.	n.a.	n.a.
MH064511	no	n.a.	n.a.	n.a.	no	n.a.	n.a.	n.a.
AB501189	no	n.a.	n.a.	n.a.	no	n.a.	n.a.	n.a.
MF564195	no	n.a.	n.a.	n.a.	no	n.a.	n.a.	n.a.
KY295906	no	n.a.	n.a.	n.a.	no	n.a.	n.a.	n.a.
KF866298	no	n.a.	n.a.	n.a.	no	n.a.	n.a.	n.a.
EU998743	no	n.a.	n.a.	n.a.	no	n.a.	n.a.	n.a.
KY419703	no	n.a.	n.a.	n.a.	no	n.a.	n.a.	n.a.
MH173088	no	n.a.	n.a.	n.a.	no	n.a.	n.a.	n.a.
MH390471	no	n.a.	n.a.	n.a.	no	n.a.	n.a.	n.a.
MK477551	yes	112485	122596	10112	yes	82422	92533	10112
MK705752	yes	130303	153641	23339	yes	85153	108491	23339
JN968380	no	n.a.	n.a.	n.a.	no	n.a.	n.a.	n.a.
KU215903	no	n.a.	n.a.	n.a.	no	n.a.	n.a.	n.a.
KY427359	no	n.a.	n.a.	n.a.	no	n.a.	n.a.	n.a.
KR476376	no	n.a.	n.a.	n.a.	no	n.a.	n.a.	n.a.
KY427336	no	n.a.	n.a.	n.a.	no	n.a.	n.a.	n.a.
MH706717	no	n.a.	n.a.	n.a.	no	n.a.	n.a.	n.a.
KT634228	no	n.a.	n.a.	n.a.	no	n.a.	n.a.	n.a.
KY204450	no	n.a.	n.a.	n.a.	no	n.a.	n.a.	n.a.
MH121049	no	n.a.	n.a.	n.a.	no	n.a.	n.a.	n.a.
MH598531	yes	127884	140509	12626	yes	55599	68224	12626
MG897305	no	n.a.	n.a.	n.a.	no	n.a.	n.a.	n.a.
EU998739	no	n.a.	n.a.	n.a.	no	n.a.	n.a.	n.a.
MH510244	no	n.a.	n.a.	n.a.	no	n.a.	n.a.	n.a.
AB601120	no	n.a.	n.a.	n.a.	no	n.a.	n.a.	n.a.
KF866299	no	n.a.	n.a.	n.a.	no	n.a.	n.a.	n.a.
MH390472	no	n.a.	n.a.	n.a.	no	n.a.	n.a.	n.a.
KY419704	no	n.a.	n.a.	n.a.	no	n.a.	n.a.	n.a.
MH173089	no	n.a.	n.a.	n.a.	no	n.a.	n.a.	n.a.
KR476377	no	n.a.	n.a.	n.a.	no	n.a.	n.a.	n.a.
MH706724	no	n.a.	n.a.	n.a.	no	n.a.	n.a.	n.a.
MK705753	yes	126703	149643	22941	yes	82329	105269	22941
KY204451	no	n.a.	n.a.	n.a.	no	n.a.	n.a.	n.a.
MH598532	yes	131730	142752	11023	yes	57842	68864	11023
MH121050	no	n.a.	n.a.	n.a.	no	n.a.	n.a.	n.a.
KY427337	no	n.a.	n.a.	n.a.	no	n.a.	n.a.	n.a.
EU998745	no	n.a.	n.a.	n.a.	no	n.a.	n.a.	n.a.
KP099642	no	n.a.	n.a.	n.a.	no	n.a.	n.a.	n.a.
MH612865	no	n.a.	n.a.	n.a.	no	n.a.	n.a.	n.a.
AB547400	no	n.a.	n.a.	n.a.	no	n.a.	n.a.	n.a.
MH635409	yes	110410	120314	9905	yes	80716	90620	9905
JX416857	no	n.a.	n.a.	n.a.	no	n.a.	n.a.	n.a.
MH064513	no	n.a.	n.a.	n.a.	no	n.a.	n.a.	n.a.
KF866300	no	n.a.	n.a.	n.a.	no	n.a.	n.a.	n.a.
KR476378	no	n.a.	n.a.	n.a.	no	n.a.	n.a.	n.a.
MF990369	no	n.a.	n.a.	n.a.	no	n.a.	n.a.	n.a.
EU998742	no	n.a.	n.a.	n.a.	no	n.a.	n.a.	n.a.
EU342371	yes	99720	119726	20007	yes	68557	88563	20007
